t,momentum,ratio,sm_momentum,sm_ratio,happens_within,occurs_within,cross_threshold_from_above,cross_threshold_from_below,trending_down_and_above,trending_up_and_below,troughs,zone,peaks
2024-11-26,-0.48312613583774144,-0.6934129909849087,-0.6734145899881511,0.4195414386030374,2,2,-0.18271221532091098,-0.19202898550724637,-0.2567287784679089,-0.27639751552795033,-0.14389233954451347,0.0,-0.12577639751552794
2023-05-30,0.006870965501513209,0.8737670020937083,-0.09064261770565231,0.2038578134884157,88,136,-0.18271221532091098,-0.19202898550724637,-0.2567287784679089,-0.27639751552795033,0.8561076604554865,0.0,-0.12577639751552794
2024-01-09,-0.18589713616672301,-0.11081543286738403,-0.7681134767762541,-0.4985966723338344,250,288,-0.18271221532091098,-0.19202898550724637,-0.2567287784679089,-0.27639751552795033,2.8561076604554865,0.0,-0.12577639751552794
2024-04-09,0.41542179190563866,0.6652929835247282,-0.14560799083804304,-0.1851128219238327,6,14,-0.18271221532091098,-0.19202898550724637,-0.2567287784679089,-0.27639751552795033,-0.14389233954451347,0.0,-0.12577639751552794
2024-05-07,-0.11989757644620493,-0.41255371877789115,0.7089513120426314,0.44047427461992483,297,406,-0.18271221532091098,-0.19202898550724637,-0.2567287784679089,-0.27639751552795033,-0.14389233954451347,0.0,2.874223602484472
2023-09-11,0.004816009129749802,-0.16933483612685293,0.5919730865724133,0.3106508606920817,4,8,-0.18271221532091098,-0.19202898550724637,-0.2567287784679089,-0.27639751552795033,-0.14389233954451347,0.0,-0.12577639751552794
2024-12-09,0.823084332457333,0.49784026280900906,0.43683802730996896,0.5807334061595187,222,344,-0.18271221532091098,0.8079710144927537,-0.2567287784679089,-0.27639751552795033,-0.14389233954451347,0.0,-0.12577639751552794
2024-10-21,0.5060881946931735,0.380098279085526,-0.2334380965387166,-0.39655432285818026,12,26,-0.18271221532091098,-0.19202898550724637,-0.2567287784679089,0.7236024844720497,-0.14389233954451347,0.0,-0.12577639751552794
2023-05-25,0.2322821664717038,0.9470532010639712,-0.1944400350580931,0.18891461043464816,159,214,0.817287784679089,-0.19202898550724637,-0.2567287784679089,-0.27639751552795033,-0.14389233954451347,0.0,-0.12577639751552794
2024-05-20,-0.17338707563354963,0.3563899192650919,-0.8129990282793115,-0.583866322171259,329,452,-0.18271221532091098,-0.19202898550724637,-0.2567287784679089,-0.27639751552795033,2.8561076604554865,0.0,-0.12577639751552794
2023-12-12,-0.3449450799632664,-0.48546762513491093,0.2473602298306956,0.3112949336338043,127,162,-0.18271221532091098,-0.19202898550724637,0.7432712215320911,-0.27639751552795033,-0.14389233954451347,0.0,0.8742236024844721
2024-06-04,-0.038115655935861935,-0.2688575156948377,0.3580683209263911,-0.3664305410240556,6,16,-0.18271221532091098,-0.19202898550724637,-0.2567287784679089,-0.27639751552795033,-0.14389233954451347,0.0,-0.12577639751552794
2024-02-21,-0.6348559710744597,0.23667976873967642,0.3170522801300566,0.20772107621075708,15,24,-0.18271221532091098,-0.19202898550724637,0.7432712215320911,-0.27639751552795033,-0.14389233954451347,0.0,-0.12577639751552794
2023-11-09,0.6483488663344701,1.1168445032790513,0.9585772615880803,0.4644927238093316,503,724,-0.18271221532091098,-0.19202898550724637,-0.2567287784679089,-0.27639751552795033,-0.14389233954451347,0.0,3.874223602484472
2023-04-19,-0.20845733504710942,-0.015262622849925581,-0.5195016651036444,-0.42789447674826014,4,6,-0.18271221532091098,-0.19202898550724637,-0.2567287784679089,-0.27639751552795033,-0.14389233954451347,0.0,-0.12577639751552794
2023-05-10,-0.4558554993318752,-0.022965943742025253,0.23415498597171633,0.10534133798948078,10,18,-0.18271221532091098,-0.19202898550724637,-0.2567287784679089,-0.27639751552795033,-0.14389233954451347,0.0,-0.12577639751552794
2023-12-21,0.19817737359609788,-0.28172463071624404,-0.04624754917145192,0.3058015213469283,116,156,0.817287784679089,-0.19202898550724637,-0.2567287784679089,-0.27639751552795033,-0.14389233954451347,0.0,-0.12577639751552794
2024-09-23,0.34437069348138755,0.5898912866804087,-0.05663894408151311,0.470745730567331,170,196,0.817287784679089,-0.19202898550724637,-0.2567287784679089,-0.27639751552795033,-0.14389233954451347,0.0,-0.12577639751552794
2024-09-24,0.2899806472593779,0.5897948185936779,-0.13469315727904432,0.44114353090307423,4,12,-0.18271221532091098,-0.19202898550724637,-0.2567287784679089,-0.27639751552795033,-0.14389233954451347,0.0,-0.12577639751552794
2023-08-18,0.275136675567021,1.0255792339384846,0.005157034166111996,0.12639896970697026,378,490,1.8172877846790891,-0.19202898550724637,-0.2567287784679089,-0.27639751552795033,-0.14389233954451347,0.0,-0.12577639751552794
2023-10-31,0.17028661380311297,0.6060015991954727,-0.3374179645974497,-0.5799343589752495,16,20,-0.18271221532091098,-0.19202898550724637,-0.2567287784679089,0.7236024844720497,-0.14389233954451347,0.0,-0.12577639751552794
2023-04-17,-0.1118904866474297,0.12979619538013312,-0.3837876032296082,-0.296947909591293,8,14,-0.18271221532091098,-0.19202898550724637,-0.2567287784679089,-0.27639751552795033,-0.14389233954451347,0.0,-0.12577639751552794
2025-01-02,-0.04451281530244626,0.20486903159341638,-1.1754253699220247,-0.398179430030348,187,314,0.817287784679089,-0.19202898550724637,-0.2567287784679089,-0.27639751552795033,-0.14389233954451347,0.0,-0.12577639751552794
2023-10-23,0.5140842834074723,0.6774832941770209,-0.4279879834438358,-0.4335031411065479,198,278,-0.18271221532091098,-0.19202898550724637,-0.2567287784679089,-0.27639751552795033,1.8561076604554865,0.0,-0.12577639751552794
2024-10-30,-0.1632868535385934,-0.032878230054992776,0.618332765232768,0.19031684478827,4,4,-0.18271221532091098,-0.19202898550724637,-0.2567287784679089,-0.27639751552795033,-0.14389233954451347,0.0,-0.12577639751552794
2023-11-24,-0.4924433249839396,-0.22164297922795023,-0.27147009979821385,0.11654743065087546,370,530,-0.18271221532091098,0.8079710144927537,-0.2567287784679089,-0.27639751552795033,1.8561076604554865,0.0,-0.12577639751552794
2023-06-07,-0.17123564725813287,0.6476707817567972,0.11537066561227073,0.25607205055606064,6,10,-0.18271221532091098,-0.19202898550724637,-0.2567287784679089,-0.27639751552795033,-0.14389233954451347,0.0,-0.12577639751552794
2024-08-12,-0.40988424615751623,-0.6812677443922996,-0.32463288834010556,-0.43473920782251796,21,30,-0.18271221532091098,-0.19202898550724637,-0.2567287784679089,0.7236024844720497,-0.14389233954451347,0.0,-0.12577639751552794
2023-07-26,0.19327602420880105,0.09022665189679414,-0.6088747648861964,-0.21836028748984407,7,18,-0.18271221532091098,-0.19202898550724637,-0.2567287784679089,-0.27639751552795033,-0.14389233954451347,0.0,-0.12577639751552794
2024-04-17,0.3321756084209575,0.9290740000253442,0.03645280386545646,-0.22504509998797725,116,158,-0.18271221532091098,0.8079710144927537,-0.2567287784679089,-0.27639751552795033,-0.14389233954451347,0.0,-0.12577639751552794
2024-10-01,-0.5591118754264395,-0.41366056112716454,0.02217564725472455,0.4644927238093316,120,142,-0.18271221532091098,0.8079710144927537,-0.2567287784679089,-0.27639751552795033,-0.14389233954451347,0.0,-0.12577639751552794
2024-11-19,-0.6091405802995008,-0.23994850695053965,0.5278587457289939,0.8362070712399162,105,74,-0.18271221532091098,-0.19202898550724637,1.7432712215320911,-0.27639751552795033,-0.14389233954451347,0.0,-0.12577639751552794
2025-01-21,-0.15976521046132047,0.1929014818934231,0.45338019398753193,-0.10389612144026152,202,344,-0.18271221532091098,0.8079710144927537,-0.2567287784679089,-0.27639751552795033,-0.14389233954451347,0.0,-0.12577639751552794
2024-08-19,0.2391291971108208,-0.4876493312605353,-0.07394041460150909,-0.535850004069479,180,236,-0.18271221532091098,0.8079710144927537,-0.2567287784679089,0.7236024844720497,-0.14389233954451347,0.0,-0.12577639751552794
2023-12-26,0.28593626797748606,-0.12029515897415413,-0.1751422181097188,0.23936865182318717,5,16,-0.18271221532091098,-0.19202898550724637,-0.2567287784679089,-0.27639751552795033,-0.14389233954451347,0.0,-0.12577639751552794
2024-02-23,-0.7362394162556843,-0.2571094756867252,0.052519728836397314,0.12055590130424912,19,28,-0.18271221532091098,-0.19202898550724637,0.7432712215320911,-0.27639751552795033,-0.14389233954451347,0.0,-0.12577639751552794
2023-12-22,0.22960711718699128,-0.22084065489167504,-0.1428767779256037,0.2642024223236179,8,18,-0.18271221532091098,-0.19202898550724637,-0.2567287784679089,-0.27639751552795033,-0.14389233954451347,0.0,-0.12577639751552794
2023-09-08,-0.16176281268347076,-0.28687951912552484,0.5741346513231113,0.24902632585498063,6,10,-0.18271221532091098,-0.19202898550724637,-0.2567287784679089,-0.27639751552795033,-0.14389233954451347,0.0,-0.12577639751552794
2023-05-04,0.11450444449297638,0.6203594257218789,-0.011045419584112082,-0.014712436586477303,104,112,-0.18271221532091098,-0.19202898550724637,-0.2567287784679089,-0.27639751552795033,0.8561076604554865,0.0,-0.12577639751552794
2025-01-29,0.3172439994999942,0.44859375768569454,0.4443456060581901,0.2137167000800786,18,18,-0.18271221532091098,-0.19202898550724637,1.7432712215320911,-0.27639751552795033,-0.14389233954451347,0.0,-0.12577639751552794
2024-10-07,-0.5720639162177542,-0.6948450840613306,-0.45371331302841633,0.2355951496416338,158,250,0.817287784679089,-0.19202898550724637,-0.2567287784679089,-0.27639751552795033,-0.14389233954451347,0.0,-0.12577639751552794
2023-06-02,-0.30885242226747217,0.6472656940397881,-0.13115776756860434,0.17051277577742344,6,12,-0.18271221532091098,-0.19202898550724637,-0.2567287784679089,-0.27639751552795033,-0.14389233954451347,0.0,-0.12577639751552794
2023-09-19,0.35440380417099876,0.5253705171883841,0.24846609584007728,0.40842592243164433,11,16,-0.18271221532091098,-0.19202898550724637,0.7432712215320911,-0.27639751552795033,-0.14389233954451347,0.0,-0.12577639751552794
2024-07-15,-0.5163923260437666,-0.08250093745219639,0.25545534084319693,0.44265478754084436,18,26,-0.18271221532091098,-0.19202898550724637,0.7432712215320911,-0.27639751552795033,-0.14389233954451347,0.0,-0.12577639751552794
2024-09-13,0.6850427404959458,0.557268067617574,0.6339630216357873,0.5425578698198575,11,24,-0.18271221532091098,-0.19202898550724637,-0.2567287784679089,-0.27639751552795033,-0.14389233954451347,0.0,-0.12577639751552794
2023-08-16,0.60471240451356,1.0993351301847611,0.5672570076314456,0.3256176833843217,27,30,-0.18271221532091098,-0.19202898550724637,1.7432712215320911,-0.27639751552795033,-0.14389233954451347,0.0,-0.12577639751552794
2023-07-12,-0.46047107299472223,-0.47302075533446186,0.05119522640616597,0.3451040202101073,148,214,-0.18271221532091098,0.8079710144927537,-0.2567287784679089,-0.27639751552795033,-0.14389233954451347,0.0,-0.12577639751552794
2023-07-07,0.2764542441876218,0.2770643851459509,-0.22647052714353133,0.27678653314706925,15,18,-0.18271221532091098,-0.19202898550724637,-0.2567287784679089,0.7236024844720497,-0.14389233954451347,0.0,-0.12577639751552794
2023-07-18,0.017726576480654375,-0.2766006684964015,-0.12639266217813822,0.2981254521287675,40,70,0.817287784679089,-0.19202898550724637,-0.2567287784679089,-0.27639751552795033,-0.14389233954451347,0.0,-0.12577639751552794
2024-06-10,0.09216489744125317,-0.1352995585698299,0.649855657259368,-0.022674183962367152,5,6,-0.18271221532091098,-0.19202898550724637,-0.2567287784679089,-0.27639751552795033,-0.14389233954451347,0.0,-0.12577639751552794
2023-05-15,0.17762523359550741,0.3699486728569395,0.4358904309642806,0.26454634568417146,127,176,-0.18271221532091098,0.8079710144927537,-0.2567287784679089,-0.27639751552795033,-0.14389233954451347,0.0,-0.12577639751552794
2024-08-22,0.7180956749176874,0.3847910710169942,0.8153968280614792,0.02462900353814779,266,472,-0.18271221532091098,0.8079710144927537,-0.2567287784679089,-0.27639751552795033,-0.14389233954451347,0.0,-0.12577639751552794
2024-05-28,-0.4956716045876132,-0.47033713082251016,-0.3597929297764554,-0.5828546319565442,216,282,-0.18271221532091098,0.8079710144927537,-0.2567287784679089,0.7236024844720497,-0.14389233954451347,0.0,-0.12577639751552794
2025-01-03,0.11306135023795265,0.3252793352208488,-1.1064447498517458,-0.45742433894060786,683,964,-0.18271221532091098,-0.19202898550724637,-0.2567287784679089,-0.27639751552795033,4.8561076604554865,0.0,-0.12577639751552794
2024-08-02,0.7472463814594357,0.05412951158257578,-0.6507560626118448,-0.37551861947335663,8,8,-0.18271221532091098,-0.19202898550724637,-0.2567287784679089,-0.27639751552795033,-0.14389233954451347,0.0,-0.12577639751552794
2024-03-28,-0.16849167605230034,0.11249289728403006,0.4292280884348127,-0.0748896354085437,5,8,-0.18271221532091098,-0.19202898550724637,-0.2567287784679089,-0.27639751552795033,-0.14389233954451347,0.0,-0.12577639751552794
2023-11-15,-0.6376441826643429,0.4164764656348694,0.5797630922689488,0.4742756180407363,27,34,-0.18271221532091098,-0.19202898550724637,1.7432712215320911,-0.27639751552795033,-0.14389233954451347,0.0,-0.12577639751552794
2024-12-11,0.8390396945814067,0.7745885904342367,0.6078171281996935,0.7079859409712296,4,12,-0.18271221532091098,-0.19202898550724637,-0.2567287784679089,-0.27639751552795033,-0.14389233954451347,0.0,-0.12577639751552794
2024-02-01,-0.06407595347476801,0.6650806282311097,-0.2362071658725291,-0.6309601310539449,19,32,-0.18271221532091098,-0.19202898550724637,-0.2567287784679089,0.7236024844720497,-0.14389233954451347,0.0,-0.12577639751552794
2024-11-15,-0.1783916575613324,0.4222136047155358,0.6392432997417367,0.8097787992768816,191,214,-0.18271221532091098,-0.19202898550724637,-0.2567287784679089,-0.27639751552795033,-0.14389233954451347,0.0,1.874223602484472
2024-06-24,0.0037236832195001813,0.13593140521642272,0.0671915810548654,-0.09376370936686734,134,164,-0.18271221532091098,0.8079710144927537,-0.2567287784679089,-0.27639751552795033,-0.14389233954451347,0.0,-0.12577639751552794
2024-03-07,0.3130497922824563,0.4355488912859625,-0.29397595841660845,-0.04273491304116261,7,10,-0.18271221532091098,-0.19202898550724637,-0.2567287784679089,-0.27639751552795033,-0.14389233954451347,0.0,-0.12577639751552794
2023-04-20,-0.14226608721941356,0.02092093165151321,-0.34566885029381755,-0.3829626135475334,437,458,-0.18271221532091098,0.8079710144927537,-0.2567287784679089,0.7236024844720497,1.8561076604554865,0.0,-0.12577639751552794
2023-06-26,0.009477570348448495,-0.46190699699775817,-0.30491643800085316,0.5002823196327166,4,12,-0.18271221532091098,-0.19202898550724637,-0.2567287784679089,-0.27639751552795033,-0.14389233954451347,0.0,-0.12577639751552794
2024-11-27,-0.47797885198189494,-0.7439793971353598,-0.7879329708257106,0.280636915608255,181,302,0.817287784679089,-0.19202898550724637,-0.2567287784679089,-0.27639751552795033,-0.14389233954451347,0.0,-0.12577639751552794
2024-11-08,0.4217101891748703,0.5834842608702655,0.7262745373255913,0.6576214499962821,204,198,-0.18271221532091098,-0.19202898550724637,2.743271221532091,-0.27639751552795033,-0.14389233954451347,0.0,-0.12577639751552794
2023-08-30,-0.6073607122952932,-0.2678099417464938,-0.2073170872765964,-0.3554476291394118,12,16,-0.18271221532091098,-0.19202898550724637,-0.2567287784679089,0.7236024844720497,-0.14389233954451347,0.0,-0.12577639751552794
2024-05-17,0.15653237682639415,0.5646199936934702,-0.8898172390900899,-0.5620460879083033,5,6,-0.18271221532091098,-0.19202898550724637,-0.2567287784679089,-0.27639751552795033,-0.14389233954451347,0.0,-0.12577639751552794
2023-12-08,-0.23744036331680252,-0.30437818209657164,0.3143860909703882,0.29439782332676584,13,20,-0.18271221532091098,-0.19202898550724637,-0.2567287784679089,-0.27639751552795033,-0.14389233954451347,0.0,-0.12577639751552794
2024-05-10,0.5718495774574015,0.43963997678868655,0.17270408562053738,0.3017053866398435,9,16,-0.18271221532091098,-0.19202898550724637,0.7432712215320911,-0.27639751552795033,-0.14389233954451347,0.0,-0.12577639751552794
2024-07-19,-0.8732063364116285,-0.9858554846367473,-0.1810529569990088,0.3181757308764535,7,10,-0.18271221532091098,-0.19202898550724637,-0.2567287784679089,-0.27639751552795033,-0.14389233954451347,0.0,-0.12577639751552794
2023-11-02,0.34700134248448133,0.7789896410233905,0.3428989371808423,-0.37368901824764644,128,178,-0.18271221532091098,0.8079710144927537,-0.2567287784679089,-0.27639751552795033,-0.14389233954451347,0.0,-0.12577639751552794
2024-05-02,-0.6883086815090717,-0.6989725259960287,0.58192583180943,0.18502523422452952,3,4,-0.18271221532091098,-0.19202898550724637,-0.2567287784679089,-0.27639751552795033,-0.14389233954451347,0.0,-0.12577639751552794
2023-10-04,-0.3470951667300497,-0.6689219506288641,-0.5754028822161523,-0.5916149926091157,374,462,-0.18271221532091098,0.8079710144927537,-0.2567287784679089,1.7236024844720497,-0.14389233954451347,0.0,-0.12577639751552794
2024-11-05,0.11186567343148286,0.23430131806268792,0.7412220196858225,0.4771851569809249,167,274,-0.18271221532091098,0.8079710144927537,-0.2567287784679089,-0.27639751552795033,-0.14389233954451347,0.0,-0.12577639751552794
2024-12-27,-0.35506501137364127,0.004769914338050438,-0.9186853207344805,0.25358569362226885,248,440,0.817287784679089,-0.19202898550724637,-0.2567287784679089,-0.27639751552795033,-0.14389233954451347,0.0,-0.12577639751552794
2023-10-27,0.03135972789342625,0.5064056551736076,-0.36222954037666344,-0.5460604406273779,210,260,-0.18271221532091098,0.8079710144927537,-0.2567287784679089,0.7236024844720497,-0.14389233954451347,0.0,-0.12577639751552794
2023-12-13,-0.39135561927718915,-0.5688330023231714,0.1927159759517701,0.3048221898791535,12,18,-0.18271221532091098,-0.19202898550724637,0.7432712215320911,-0.27639751552795033,-0.14389233954451347,0.0,-0.12577639751552794
2024-03-13,0.09916331488236341,0.3263817184947712,-0.615159501151414,-0.3601951786789883,4,4,-0.18271221532091098,-0.19202898550724637,-0.2567287784679089,-0.27639751552795033,-0.14389233954451347,0.0,-0.12577639751552794
2023-11-30,-0.1896168606180304,-0.2674916289708226,-0.22447198491155787,0.10397868388344891,13,14,-0.18271221532091098,-0.19202898550724637,-0.2567287784679089,-0.27639751552795033,-0.14389233954451347,0.0,-0.12577639751552794
2024-09-19,0.27302083843982017,0.4624793354169463,0.2244142273073119,0.544823956379373,190,230,0.817287784679089,-0.19202898550724637,0.7432712215320911,-0.27639751552795033,-0.14389233954451347,0.0,-0.12577639751552794
2023-08-17,0.6158057844582863,1.1558779605391656,0.42538756780249837,0.29212304879869994,27,30,-0.18271221532091098,-0.19202898550724637,1.7432712215320911,-0.27639751552795033,-0.14389233954451347,0.0,-0.12577639751552794
2024-10-02,-0.5125369837091249,-0.45035350615869885,-0.0168430023602544,0.45341352305534194,212,206,0.817287784679089,-0.19202898550724637,-0.2567287784679089,0.7236024844720497,-0.14389233954451347,0.0,0.8742236024844721
2023-04-03,-0.6208153706197782,0.14805727424336304,-0.0379570741796049,-0.04503091389593031,20,20,-0.18271221532091098,-0.19202898550724637,-0.2567287784679089,-0.27639751552795033,-0.14389233954451347,0.0,-0.12577639751552794
2023-05-16,0.3832144717052589,0.5634486095604747,0.3796168035755354,0.2693817402831906,201,260,0.817287784679089,-0.19202898550724637,-0.2567287784679089,-0.27639751552795033,-0.14389233954451347,0.0,0.8742236024844721
2024-12-19,-0.06558488781009669,0.5195984151492065,0.5856011420275082,0.9160198162978639,344,448,0.817287784679089,-0.19202898550724637,1.7432712215320911,-0.27639751552795033,-0.14389233954451347,0.0,-0.12577639751552794
2023-09-06,-0.37970096139027726,-0.38070078214588643,0.5453188460119348,0.1239195489482358,4,8,-0.18271221532091098,-0.19202898550724637,-0.2567287784679089,-0.27639751552795033,-0.14389233954451347,0.0,-0.12577639751552794
2024-10-15,0.48436724233885786,-0.08637647603475784,-0.8565159481571886,-0.5189587781407154,7,8,-0.18271221532091098,-0.19202898550724637,-0.2567287784679089,-0.27639751552795033,-0.14389233954451347,0.0,-0.12577639751552794
2023-07-31,-0.09667504364359493,-0.17177673128593315,-0.8128544283743935,-0.5331833353494386,5,6,-0.18271221532091098,-0.19202898550724637,-0.2567287784679089,-0.27639751552795033,-0.14389233954451347,0.0,-0.12577639751552794
2024-02-26,-0.6557497194066911,-0.28490874897638474,0.0464238949087264,0.12138082499481036,19,26,-0.18271221532091098,-0.19202898550724637,0.7432712215320911,-0.27639751552795033,-0.14389233954451347,0.0,-0.12577639751552794
2023-04-25,0.1141521182833521,0.2184544212988838,0.41970349582293287,-0.026702491142743208,209,360,-0.18271221532091098,0.8079710144927537,-0.2567287784679089,-0.27639751552795033,-0.14389233954451347,0.0,-0.12577639751552794
2024-09-05,-0.3232533763775841,-0.582633795819085,-0.021870727933555576,0.17360434102761133,200,294,0.817287784679089,-0.19202898550724637,-0.2567287784679089,-0.27639751552795033,-0.14389233954451347,0.0,-0.12577639751552794
2023-10-03,-0.5261112265671627,-0.7427592409331748,-0.8019834890953449,-0.6489539876414995,376,436,-0.18271221532091098,0.8079710144927537,-0.2567287784679089,2.7236024844720497,-0.14389233954451347,0.0,-0.12577639751552794
2024-07-30,0.24105861376349708,-0.7658787770018936,-0.47709631994487767,-0.12064134431289746,5,6,-0.18271221532091098,-0.19202898550724637,-0.2567287784679089,-0.27639751552795033,-0.14389233954451347,0.0,-0.12577639751552794
2023-08-10,0.7845970209880067,0.9531148479771916,0.80198111645306,0.23962207384767972,455,728,-0.18271221532091098,-0.19202898550724637,-0.2567287784679089,-0.27639751552795033,-0.14389233954451347,0.0,2.874223602484472
2023-11-16,-0.826698299665621,-0.04143718910018587,0.3170063966386466,0.3903669035428474,257,312,0.817287784679089,-0.19202898550724637,0.7432712215320911,-0.27639751552795033,-0.14389233954451347,0.0,-0.12577639751552794
2023-06-23,-0.2895261525345503,-0.6252032363517623,-0.10038423538850362,0.5759967713254833,198,306,0.817287784679089,-0.19202898550724637,-0.2567287784679089,-0.27639751552795033,-0.14389233954451347,0.0,-0.12577639751552794
2023-05-08,-0.35553956231804457,0.2569374957649748,-0.04227435895557736,-0.03853220426710836,7,24,-0.18271221532091098,-0.19202898550724637,-0.2567287784679089,-0.27639751552795033,-0.14389233954451347,0.0,-0.12577639751552794
2024-12-13,0.7271169318682232,0.8754034470927986,0.6178449942226995,0.783727922727481,176,254,-0.18271221532091098,-0.19202898550724637,-0.2567287784679089,-0.27639751552795033,-0.14389233954451347,0.0,1.874223602484472
2024-07-08,0.508075019163922,0.6959813148488694,0.5321314469057293,0.42885332744990773,323,338,-0.18271221532091098,-0.19202898550724637,1.7432712215320911,-0.27639751552795033,-0.14389233954451347,0.0,1.874223602484472
2023-11-13,0.16893791469087285,0.9564284507908809,0.6875512296692708,0.4301042576726969,301,360,0.817287784679089,-0.19202898550724637,1.7432712215320911,-0.27639751552795033,-0.14389233954451347,0.0,-0.12577639751552794
2024-01-23,0.5999614860454359,0.8789880823913733,0.16435729004870342,-0.4011787328499239,95,150,-0.18271221532091098,-0.19202898550724637,-0.2567287784679089,-0.27639751552795033,-0.14389233954451347,0.0,0.8742236024844721
2024-11-29,-0.48068536041863164,-0.7970569555823969,-0.7478572377462063,0.23167727751014133,357,532,-0.18271221532091098,-0.19202898550724637,-0.2567287784679089,-0.27639751552795033,2.8561076604554865,0.0,-0.12577639751552794
2024-01-25,0.4793105754121987,0.9060465624840752,-0.22904661028395829,-0.515182636508641,127,168,0.817287784679089,-0.19202898550724637,-0.2567287784679089,-0.27639751552795033,-0.14389233954451347,0.0,-0.12577639751552794
2024-05-22,-0.5829178175328119,-0.2831156809713155,-0.6142000970870718,-0.5866038529919159,235,270,-0.18271221532091098,0.8079710144927537,-0.2567287784679089,1.7236024844720497,-0.14389233954451347,0.0,-0.12577639751552794
2024-09-27,-0.44754351317965235,-0.09809782843651174,-0.07018409744428214,0.4426657070726748,12,22,-0.18271221532091098,-0.19202898550724637,-0.2567287784679089,0.7236024844720497,-0.14389233954451347,0.0,-0.12577639751552794
2023-10-25,0.3566946810627911,0.6790453700143204,-0.5377742138873673,-0.5505814997738584,6,10,-0.18271221532091098,-0.19202898550724637,-0.2567287784679089,-0.27639751552795033,-0.14389233954451347,0.0,-0.12577639751552794
2023-11-28,-0.5489351670633333,-0.4672759697572523,0.021014984794601368,0.22005302278294397,194,240,-0.18271221532091098,0.8079710144927537,-0.2567287784679089,-0.27639751552795033,-0.14389233954451347,0.0,-0.12577639751552794
2024-05-29,-0.37854011202978266,-0.4294138288023988,-0.35140704470179424,-0.6006020828529111,14,20,-0.18271221532091098,-0.19202898550724637,-0.2567287784679089,0.7236024844720497,-0.14389233954451347,0.0,-0.12577639751552794
2024-06-11,0.08306609393133353,-0.12882293026509317,0.6606520641600995,0.06306568967396388,5,6,-0.18271221532091098,-0.19202898550724637,-0.2567287784679089,-0.27639751552795033,-0.14389233954451347,0.0,-0.12577639751552794
2023-12-20,0.13320538613873298,-0.3558130566785563,0.11614645679579572,0.3569026799614519,63,56,-0.18271221532091098,-0.19202898550724637,0.7432712215320911,-0.27639751552795033,-0.14389233954451347,0.0,0.8742236024844721
2023-10-24,0.5231691034505456,0.745485000772505,-0.5349381532793193,-0.513273942509149,4,6,-0.18271221532091098,-0.19202898550724637,-0.2567287784679089,-0.27639751552795033,-0.14389233954451347,0.0,-0.12577639751552794
2024-07-03,0.6000783805937389,0.621686789654005,0.5966012325136532,0.3673130203758686,5,10,-0.18271221532091098,-0.19202898550724637,-0.2567287784679089,-0.27639751552795033,-0.14389233954451347,0.0,-0.12577639751552794
2023-07-24,0.26050301398510334,0.0685958806192228,-0.5573467272461435,-0.06415550767691551,7,22,-0.18271221532091098,-0.19202898550724637,-0.2567287784679089,-0.27639751552795033,-0.14389233954451347,0.0,-0.12577639751552794
2023-10-20,0.4622484005099893,0.5745743816474974,-0.4898765025091243,-0.42785731888653433,2,8,-0.18271221532091098,-0.19202898550724637,-0.2567287784679089,-0.27639751552795033,-0.14389233954451347,0.0,-0.12577639751552794
2024-05-23,-0.5786973571573581,-0.3807123995781705,-0.5604637970997826,-0.6019060693186133,23,30,-0.18271221532091098,-0.19202898550724637,-0.2567287784679089,1.7236024844720497,-0.14389233954451347,0.0,-0.12577639751552794
2023-05-12,-0.2879700624227881,-0.01918154378862363,0.2427715394833323,0.1405405980963096,11,18,-0.18271221532091098,-0.19202898550724637,-0.2567287784679089,-0.27639751552795033,-0.14389233954451347,0.0,-0.12577639751552794
2025-01-23,-0.26340785455234733,0.0011426554092054488,0.5846781465472944,0.09355573511594337,4,4,-0.18271221532091098,-0.19202898550724637,-0.2567287784679089,-0.27639751552795033,-0.14389233954451347,0.0,-0.12577639751552794
2024-04-01,-0.14677242037044294,0.10516987512683884,0.47262291751005037,-1.919702068526989e-05,5,6,-0.18271221532091098,-0.19202898550724637,-0.2567287784679089,-0.27639751552795033,-0.14389233954451347,0.0,-0.12577639751552794
2024-02-14,0.0910927760836817,0.8504279459066546,0.8533221157340257,0.34994662141354455,449,714,-0.18271221532091098,-0.19202898550724637,2.743271221532091,-0.27639751552795033,-0.14389233954451347,0.0,-0.12577639751552794
2023-12-15,-0.3353618884547772,-0.6223151321331324,0.2513362593630606,0.36240436139228777,18,16,-0.18271221532091098,-0.19202898550724637,0.7432712215320911,-0.27639751552795033,-0.14389233954451347,0.0,-0.12577639751552794
2024-04-26,-0.6468227709285088,-0.10134348052512356,-0.21285774971669347,-0.3010694580806701,5,8,-0.18271221532091098,-0.19202898550724637,-0.2567287784679089,-0.27639751552795033,-0.14389233954451347,0.0,-0.12577639751552794
2024-03-01,-0.23475220955739737,-0.14008944657578798,0.11213811485460456,0.1531997731116385,87,124,-0.18271221532091098,-0.19202898550724637,-0.2567287784679089,-0.27639751552795033,-0.14389233954451347,0.0,0.8742236024844721
2024-10-08,-0.5757620892962608,-0.7650159686700736,-0.6363316378745051,0.06342427821979432,3,4,-0.18271221532091098,-0.19202898550724637,-0.2567287784679089,-0.27639751552795033,-0.14389233954451347,0.0,-0.12577639751552794
2024-12-31,-0.18279592364653519,0.10336069498854084,-1.0506949194081614,-0.13855616981477367,4,4,-0.18271221532091098,-0.19202898550724637,-0.2567287784679089,-0.27639751552795033,-0.14389233954451347,0.0,-0.12577639751552794
2024-08-30,-0.3005988223421736,-0.44583368241628907,0.5193337396149198,0.34327533072102456,22,26,-0.18271221532091098,-0.19202898550724637,1.7432712215320911,-0.27639751552795033,-0.14389233954451347,0.0,-0.12577639751552794
2024-04-12,0.5381485057188898,0.9088903397913977,-0.276973675763993,-0.3015067180533518,64,82,-0.18271221532091098,-0.19202898550724637,-0.2567287784679089,-0.27639751552795033,0.8561076604554865,0.0,-0.12577639751552794
2024-06-28,-0.08818794521559994,-0.14206857701327796,0.3216546786553094,0.08961289267346997,12,18,-0.18271221532091098,-0.19202898550724637,-0.2567287784679089,-0.27639751552795033,-0.14389233954451347,0.0,-0.12577639751552794
2024-03-08,0.15711282383615088,0.346617250423859,-0.2576320431843581,-0.049830762754064346,57,64,-0.18271221532091098,-0.19202898550724637,-0.2567287784679089,-0.27639751552795033,0.8561076604554865,0.0,-0.12577639751552794
2023-08-15,0.6366395915152839,1.0640275065707836,0.5739549769296978,0.2807894750803682,15,18,-0.18271221532091098,-0.19202898550724637,1.7432712215320911,-0.27639751552795033,-0.14389233954451347,0.0,-0.12577639751552794
2024-09-10,0.1750003426065605,-0.2926783389332487,0.11571187410786425,0.23087502850556352,38,56,-0.18271221532091098,0.8079710144927537,-0.2567287784679089,-0.27639751552795033,-0.14389233954451347,0.0,-0.12577639751552794
2023-11-17,-0.7528468454455991,-0.1075384645645725,0.17201391052824785,0.35127625918621497,15,30,-0.18271221532091098,-0.19202898550724637,0.7432712215320911,-0.27639751552795033,-0.14389233954451347,0.0,-0.12577639751552794
2023-09-18,0.41635995958713123,0.5238348211104746,0.40645885055245834,0.4486962321329699,173,228,0.817287784679089,-0.19202898550724637,0.7432712215320911,-0.27639751552795033,-0.14389233954451347,0.0,-0.12577639751552794
2023-07-10,-0.04684482108147291,0.009550556388286472,-0.2373459346687691,0.25441413251518424,18,22,-0.18271221532091098,-0.19202898550724637,-0.2567287784679089,0.7236024844720497,-0.14389233954451347,0.0,-0.12577639751552794
2023-08-07,0.5145948860081765,0.4662517927061488,0.35085146856166766,-0.2841785903228838,230,384,-0.18271221532091098,0.8079710144927537,-0.2567287784679089,-0.27639751552795033,-0.14389233954451347,0.0,-0.12577639751552794
2024-02-28,-0.4474655281778416,-0.2308384229156148,0.0005462053575615304,0.09582986546711673,80,126,-0.18271221532091098,-0.19202898550724637,-0.2567287784679089,-0.27639751552795033,0.8561076604554865,0.0,-0.12577639751552794
2024-08-27,0.11430287557703009,-0.05042567505053535,0.8614802508223584,0.3517962242727008,370,556,-0.18271221532091098,-0.19202898550724637,-0.2567287784679089,-0.27639751552795033,-0.14389233954451347,0.0,2.874223602484472
2024-09-18,0.423211783344127,0.5342512732126967,0.5475671246076375,0.6365375705205464,176,212,-0.18271221532091098,-0.19202898550724637,1.7432712215320911,-0.27639751552795033,-0.14389233954451347,0.0,-0.12577639751552794
2023-08-31,-0.5911030348071034,-0.3571440179642732,0.20459527430843644,-0.2081437727721583,220,294,-0.18271221532091098,0.8079710144927537,-0.2567287784679089,-0.27639751552795033,-0.14389233954451347,0.0,-0.12577639751552794
2024-11-25,-0.591358265391776,-0.7122567694817588,-0.5775991958781295,0.5159754224380289,182,304,0.817287784679089,-0.19202898550724637,-0.2567287784679089,-0.27639751552795033,-0.14389233954451347,0.0,-0.12577639751552794
2023-06-29,0.35079885078801276,-0.048368829240699115,-0.6043277948954703,0.24585707727814038,5,8,-0.18271221532091098,-0.19202898550724637,-0.2567287784679089,-0.27639751552795033,-0.14389233954451347,0.0,-0.12577639751552794
2023-07-21,0.14402295980323376,-0.09477884913807598,-0.4614248398366909,0.058954336178694305,137,184,0.817287784679089,-0.19202898550724637,-0.2567287784679089,-0.27639751552795033,-0.14389233954451347,0.0,-0.12577639751552794
2024-11-07,0.3403181350505627,0.46906087780060285,0.8177422303655617,0.6500052067567762,89,134,-0.18271221532091098,-0.19202898550724637,-0.2567287784679089,-0.27639751552795033,-0.14389233954451347,0.0,0.8742236024844721
2024-02-29,-0.3913921301525623,-0.2446143484108397,0.11231956431105801,0.14503220644728027,122,142,-0.18271221532091098,0.8079710144927537,-0.2567287784679089,-0.27639751552795033,-0.14389233954451347,0.0,-0.12577639751552794
2023-09-14,0.5346651651259791,0.4929662758737516,0.612688119940767,0.4748119275761704,152,196,-0.18271221532091098,-0.19202898550724637,1.7432712215320911,-0.27639751552795033,-0.14389233954451347,0.0,-0.12577639751552794
2024-06-07,0.00783882074944879,-0.2106998012145147,0.568845833734052,-0.14730748753876113,3,4,-0.18271221532091098,-0.19202898550724637,-0.2567287784679089,-0.27639751552795033,-0.14389233954451347,0.0,-0.12577639751552794
2024-10-04,-0.4769856824219494,-0.5500759661984217,-0.23756044306384722,0.36132219069691685,12,18,-0.18271221532091098,-0.19202898550724637,-0.2567287784679089,-0.27639751552795033,-0.14389233954451347,0.0,-0.12577639751552794
2023-07-25,0.26055310587967256,0.11776997644988424,-0.5852811094207583,-0.1437705902213113,9,18,-0.18271221532091098,-0.19202898550724637,-0.2567287784679089,-0.27639751552795033,-0.14389233954451347,0.0,-0.12577639751552794
2024-02-20,-0.4658697058834681,0.51349244971567,0.37015038910923187,0.20573921290355116,12,20,-0.18271221532091098,-0.19202898550724637,0.7432712215320911,-0.27639751552795033,-0.14389233954451347,0.0,-0.12577639751552794
2023-07-19,0.1684403442959849,-0.14028327733592508,-0.25734603684898655,0.23070036874668778,13,16,-0.18271221532091098,-0.19202898550724637,-0.2567287784679089,-0.27639751552795033,-0.14389233954451347,0.0,-0.12577639751552794
2023-12-28,0.30963578504917694,0.03270560168484057,-0.058649633228724095,0.26410106519789905,77,110,-0.18271221532091098,-0.19202898550724637,-0.2567287784679089,0.7236024844720497,-0.14389233954451347,0.0,-0.12577639751552794
2024-03-25,0.019336464483891785,0.275194912747675,0.3863654347792507,-0.21702341921729768,4,10,-0.18271221532091098,-0.19202898550724637,-0.2567287784679089,-0.27639751552795033,-0.14389233954451347,0.0,-0.12577639751552794
2023-11-10,0.5027712490447422,1.0851491690484285,0.7851310865144112,0.42651519412502537,673,960,0.817287784679089,-0.19202898550724637,2.743271221532091,-0.27639751552795033,-0.14389233954451347,0.0,-0.12577639751552794
2023-07-11,-0.3233141729263748,-0.2874715689309964,-0.060550873633694755,0.3100819143547585,65,54,-0.18271221532091098,-0.19202898550724637,-0.2567287784679089,0.7236024844720497,0.8561076604554865,0.0,-0.12577639751552794
2024-10-24,0.2937225107717865,0.40199864585667616,0.10606518641843381,-0.2926354321882912,170,270,-0.18271221532091098,0.8079710144927537,-0.2567287784679089,-0.27639751552795033,-0.14389233954451347,0.0,-0.12577639751552794
2024-04-02,-0.1413175797947106,0.08453994162218022,0.4717036549795633,0.04942786821684006,7,8,-0.18271221532091098,-0.19202898550724637,-0.2567287784679089,-0.27639751552795033,-0.14389233954451347,0.0,-0.12577639751552794
2024-03-20,-0.09768769242438573,0.2648744255973594,-0.2953679444053852,-0.4983299958971229,232,286,-0.18271221532091098,0.8079710144927537,-0.2567287784679089,0.7236024844720497,-0.14389233954451347,0.0,-0.12577639751552794
2023-08-28,-0.6446884834601022,-0.04980744800013737,-0.5371829838141499,-0.4389451424899913,272,452,-0.18271221532091098,-0.19202898550724637,-0.2567287784679089,1.7236024844720497,-0.14389233954451347,0.0,-0.12577639751552794
2023-10-17,0.48123508511091634,0.38199537496306557,0.12432545797760632,-0.10275530251959814,15,18,-0.18271221532091098,-0.19202898550724637,0.7432712215320911,-0.27639751552795033,-0.14389233954451347,0.0,-0.12577639751552794
2024-10-31,-0.11456397136513655,-0.009865863435780843,0.619274217857347,0.2497385894728094,6,6,-0.18271221532091098,-0.19202898550724637,-0.2567287784679089,-0.27639751552795033,-0.14389233954451347,0.0,-0.12577639751552794
2024-01-24,0.517403318069609,0.8810325259406031,0.12399866040277276,-0.4060863798821808,4,8,-0.18271221532091098,-0.19202898550724637,-0.2567287784679089,-0.27639751552795033,-0.14389233954451347,0.0,-0.12577639751552794
2023-09-28,-0.6648538605162134,-0.630719332523325,-1.0599655811630408,-0.5618083523397917,2,2,-0.18271221532091098,-0.19202898550724637,-0.2567287784679089,-0.27639751552795033,-0.14389233954451347,0.0,-0.12577639751552794
2023-10-26,0.05090756350709645,0.5131111949502983,-0.5284415357332161,-0.581310292404811,4,8,-0.18271221532091098,-0.19202898550724637,-0.2567287784679089,-0.27639751552795033,-0.14389233954451347,0.0,-0.12577639751552794
2024-08-13,-0.4049158741460005,-0.7229029010387031,-0.4368905460297145,-0.5041587679101777,140,190,0.817287784679089,-0.19202898550724637,-0.2567287784679089,-0.27639751552795033,-0.14389233954451347,0.0,-0.12577639751552794
2023-05-19,0.7231746228469567,1.0248381151266794,0.4346447799483254,0.3900859885601435,60,52,-0.18271221532091098,-0.19202898550724637,-0.2567287784679089,-0.27639751552795033,-0.14389233954451347,0.0,0.8742236024844721
2025-01-24,-0.2502032140901089,-0.03612910396553205,0.6020326815691835,0.1662114859877804,4,4,-0.18271221532091098,-0.19202898550724637,-0.2567287784679089,-0.27639751552795033,-0.14389233954451347,0.0,-0.12577639751552794
2024-03-26,0.04455226814199881,0.297316493377466,0.4490234224035641,-0.14627390838621393,195,336,-0.18271221532091098,0.8079710144927537,-0.2567287784679089,-0.27639751552795033,-0.14389233954451347,0.0,-0.12577639751552794
2023-10-11,0.33692829314105976,-0.153434730606515,0.6898669838697113,0.08059867874994421,4,8,-0.18271221532091098,-0.19202898550724637,-0.2567287784679089,-0.27639751552795033,-0.14389233954451347,0.0,-0.12577639751552794
2024-07-25,-0.5657616492426233,-1.0776316228708382,-0.4506561973037029,0.04083364513563198,169,234,-0.18271221532091098,-0.19202898550724637,-0.2567287784679089,-0.27639751552795033,1.8561076604554865,0.0,-0.12577639751552794
2024-10-03,-0.4440929373730863,-0.45761640559629857,-0.16861525769786087,0.4001575832806106,19,24,-0.18271221532091098,-0.19202898550724637,-0.2567287784679089,-0.27639751552795033,-0.14389233954451347,0.0,-0.12577639751552794
2024-08-28,-0.040503904183332363,-0.1758411807004221,0.8434741397999208,0.4181225323960634,405,624,-0.18271221532091098,-0.19202898550724637,2.743271221532091,-0.27639751552795033,-0.14389233954451347,0.0,-0.12577639751552794
2024-02-02,0.1686363608309129,0.7813697151925761,-0.01574208605852619,-0.5794896716311484,15,26,-0.18271221532091098,-0.19202898550724637,-0.2567287784679089,0.7236024844720497,-0.14389233954451347,0.0,-0.12577639751552794
2024-12-02,-0.34304656064386274,-0.7536154096824458,-0.6700457072264836,0.21435286846770812,457,646,-0.18271221532091098,0.8079710144927537,-0.2567287784679089,1.7236024844720497,-0.14389233954451347,0.0,-0.12577639751552794
2023-05-17,0.5802005321226357,0.7718651535391804,0.37460056388415164,0.2963254625965034,7,10,-0.18271221532091098,-0.19202898550724637,-0.2567287784679089,-0.27639751552795033,-0.14389233954451347,0.0,-0.12577639751552794
2023-07-27,0.013180380642166024,-0.06494721090444885,-0.7118112410353984,-0.34432149132397416,114,172,0.817287784679089,-0.19202898550724637,-0.2567287784679089,-0.27639751552795033,-0.14389233954451347,0.0,-0.12577639751552794
2024-12-20,-0.2670887597192202,0.3568155499952702,0.19514264307859258,0.8280918003312343,224,304,0.817287784679089,-0.19202898550724637,0.7432712215320911,-0.27639751552795033,-0.14389233954451347,0.0,-0.12577639751552794
2023-12-07,-0.10903678761459344,-0.167351471718109,0.279639836103218,0.2568752293903682,15,24,-0.18271221532091098,-0.19202898550724637,-0.2567287784679089,-0.27639751552795033,-0.14389233954451347,0.0,-0.12577639751552794
2023-06-15,-0.7795002629148171,-0.5178818846046923,0.7142652924986616,0.7368639265829644,3,4,-0.18271221532091098,-0.19202898550724637,-0.2567287784679089,-0.27639751552795033,-0.14389233954451347,0.0,-0.12577639751552794
2024-08-26,0.3584179613198121,0.1659154669435769,0.8963758829397498,0.2903009921820831,4,4,-0.18271221532091098,-0.19202898550724637,-0.2567287784679089,-0.27639751552795033,-0.14389233954451347,0.0,-0.12577639751552794
2024-09-03,-0.27388942108893355,-0.4637369668638763,0.3304831625492883,0.2852705190892827,230,288,0.817287784679089,-0.19202898550724637,0.7432712215320911,-0.27639751552795033,-0.14389233954451347,0.0,-0.12577639751552794
2024-01-12,0.20570650561112058,0.251214107628996,-0.6470040986335905,-0.5886397438184484,28,40,-0.18271221532091098,-0.19202898550724637,-0.2567287784679089,1.7236024844720497,-0.14389233954451347,0.0,-0.12577639751552794
2024-01-18,0.3774960106051581,0.5302383565270695,-0.2731228333037838,-0.5399704746356302,200,254,-0.18271221532091098,0.8079710144927537,-0.2567287784679089,0.7236024844720497,-0.14389233954451347,0.0,-0.12577639751552794
2025-01-15,0.08835937404598318,0.3770555570532681,-0.26126107575170676,-0.4113611570036464,267,378,-0.18271221532091098,0.8079710144927537,-0.2567287784679089,0.7236024844720497,-0.14389233954451347,0.0,-0.12577639751552794
2024-08-20,0.5091628169133318,-0.17285160089766338,0.2975720212009428,-0.4166781379262565,257,456,-0.18271221532091098,0.8079710144927537,-0.2567287784679089,-0.27639751552795033,-0.14389233954451347,0.0,-0.12577639751552794
2024-01-08,-0.1211049566366349,-0.017882836177259963,-0.8278680228908591,-0.46868976475676677,4,4,-0.18271221532091098,-0.19202898550724637,-0.2567287784679089,-0.27639751552795033,-0.14389233954451347,0.0,-0.12577639751552794
2024-03-15,0.21443504187245044,0.4560627226093627,-0.833381031327572,-0.5960541709212562,3,4,-0.18271221532091098,-0.19202898550724637,-0.2567287784679089,-0.27639751552795033,-0.14389233954451347,0.0,-0.12577639751552794
2024-07-18,-0.9143401808893609,-0.9207677715635496,-0.0882284776800475,0.3603713657028565,147,238,0.817287784679089,-0.19202898550724637,-0.2567287784679089,-0.27639751552795033,-0.14389233954451347,0.0,-0.12577639751552794
2024-04-05,0.41669951500197544,0.5574261401131901,-0.022223855956066442,-0.12003666960794503,151,210,0.817287784679089,-0.19202898550724637,-0.2567287784679089,-0.27639751552795033,-0.14389233954451347,0.0,-0.12577639751552794
2023-04-13,-0.1493268138935832,0.1494154650771957,0.06033408978538006,-0.09163178388899854,4,6,-0.18271221532091098,-0.19202898550724637,-0.2567287784679089,-0.27639751552795033,-0.14389233954451347,0.0,-0.12577639751552794
2024-04-24,-0.4408415023909599,0.41211912660221667,-0.14351978192622064,-0.2488730483627895,3,8,-0.18271221532091098,-0.19202898550724637,-0.2567287784679089,-0.27639751552795033,-0.14389233954451347,0.0,-0.12577639751552794
2023-10-12,0.43407240586542084,0.048114038970793145,0.6397186368623435,0.11572474353246966,250,402,-0.18271221532091098,-0.19202898550724637,-0.2567287784679089,-0.27639751552795033,-0.14389233954451347,0.0,1.874223602484472
2024-12-23,-0.3794834047573834,0.19609978989899643,-0.24381375936521943,0.7280575612141165,218,352,0.817287784679089,-0.19202898550724637,-0.2567287784679089,-0.27639751552795033,-0.14389233954451347,0.0,-0.12577639751552794
2023-10-30,0.07142223461840444,0.5349566983264871,-0.36231585584897263,-0.5678782437594379,9,18,-0.18271221532091098,-0.19202898550724637,-0.2567287784679089,0.7236024844720497,-0.14389233954451347,0.0,-0.12577639751552794
2023-06-22,-0.5413711479259262,-0.7502383631314037,0.16109651972410702,0.6410582027503138,14,26,-0.18271221532091098,-0.19202898550724637,0.7432712215320911,-0.27639751552795033,-0.14389233954451347,0.0,-0.12577639751552794
2024-05-16,0.3763689744746122,0.6756883118437729,-0.8725067071392943,-0.4790848927207996,3,4,-0.18271221532091098,-0.19202898550724637,-0.2567287784679089,-0.27639751552795033,-0.14389233954451347,0.0,-0.12577639751552794
2024-08-01,0.7484000472364575,-0.13442222578726928,-0.596526497415935,-0.29057577954376934,5,6,-0.18271221532091098,-0.19202898550724637,-0.2567287784679089,-0.27639751552795033,-0.14389233954451347,0.0,-0.12577639751552794
2023-09-20,0.26420689250925744,0.49771503951234675,0.24750389763112754,0.4237016749971567,19,24,-0.18271221532091098,-0.19202898550724637,0.7432712215320911,-0.27639751552795033,-0.14389233954451347,0.0,-0.12577639751552794
2023-05-24,0.4365047710952849,1.0180850472479448,0.08406018484481577,0.2962689515499656,20,38,-0.18271221532091098,-0.19202898550724637,0.7432712215320911,-0.27639751552795033,-0.14389233954451347,0.0,-0.12577639751552794
2024-04-08,0.4585309595905162,0.6449544998182644,-0.09917601187831075,-0.1560367833337667,4,10,-0.18271221532091098,-0.19202898550724637,-0.2567287784679089,-0.27639751552795033,-0.14389233954451347,0.0,-0.12577639751552794
2023-11-08,0.4173196477359647,0.9397085062478321,0.9875963126865488,0.3937776098016283,173,286,-0.18271221532091098,0.8079710144927537,-0.2567287784679089,-0.27639751552795033,-0.14389233954451347,0.0,-0.12577639751552794
2024-05-06,-0.31211395002357895,-0.5197312654648071,0.7123336153793461,0.3835396951966789,135,210,-0.18271221532091098,0.8079710144927537,-0.2567287784679089,-0.27639751552795033,-0.14389233954451347,0.0,-0.12577639751552794
2024-10-18,0.5043353824859306,0.2927422296013326,-0.3892961897904494,-0.4354336627683275,233,320,-0.18271221532091098,0.8079710144927537,-0.2567287784679089,0.7236024844720497,-0.14389233954451347,0.0,-0.12577639751552794
2024-12-17,0.32797165507964043,0.7148770223731998,0.7412329798440267,0.8993121288056342,149,238,-0.18271221532091098,0.8079710144927537,-0.2567287784679089,-0.27639751552795033,-0.14389233954451347,0.0,-0.12577639751552794
2024-01-31,-0.07338184275445392,0.6672031809117133,-0.3723147538303905,-0.6559312789748742,228,208,-0.18271221532091098,0.8079710144927537,-0.2567287784679089,0.7236024844720497,-0.14389233954451347,0.0,-0.12577639751552794
2024-03-14,0.18835715979314813,0.4108812864236561,-0.7426088551420362,-0.48605547945115873,137,214,0.817287784679089,-0.19202898550724637,-0.2567287784679089,-0.27639751552795033,-0.14389233954451347,0.0,-0.12577639751552794
2024-04-23,-0.30421345450977516,0.573985931628659,-0.08642321237944174,-0.21820915494371665,113,114,0.817287784679089,-0.19202898550724637,-0.2567287784679089,-0.27639751552795033,-0.14389233954451347,0.0,-0.12577639751552794
2024-07-10,0.3909270235805169,0.724613050806612,0.5194991128063783,0.48940777200741054,29,30,-0.18271221532091098,-0.19202898550724637,1.7432712215320911,-0.27639751552795033,-0.14389233954451347,0.0,-0.12577639751552794
2024-10-11,-0.08867766528046248,-0.6109939969666588,-0.8956465579185093,-0.390191184833763,5,6,-0.18271221532091098,-0.19202898550724637,-0.2567287784679089,-0.27639751552795033,-0.14389233954451347,0.0,-0.12577639751552794
2023-04-11,-0.2648000457413007,0.1079125341265586,-0.08682578475983393,-0.1522851097658813,8,8,-0.18271221532091098,-0.19202898550724637,-0.2567287784679089,0.7236024844720497,-0.14389233954451347,0.0,-0.12577639751552794
2025-01-10,0.030699534602792233,0.31953264596317593,-0.5869883715980843,-0.45291736002435645,339,442,-0.18271221532091098,0.8079710144927537,-0.2567287784679089,1.7236024844720497,-0.14389233954451347,0.0,-0.12577639751552794
2024-08-09,-0.25886304639576435,-0.5383604518781284,-0.14137511481267154,-0.3517163082435991,18,26,-0.18271221532091098,-0.19202898550724637,-0.2567287784679089,0.7236024844720497,-0.14389233954451347,0.0,-0.12577639751552794
2024-07-16,-0.7782359241341701,-0.5365692106277475,0.3199931670731777,0.48390271463121093,22,34,-0.18271221532091098,-0.19202898550724637,0.7432712215320911,-0.27639751552795033,-0.14389233954451347,0.0,-0.12577639751552794
2024-07-01,0.11865787486513044,0.047072793655016376,0.47420936930605495,0.20997871613188912,121,152,-0.18271221532091098,0.8079710144927537,-0.2567287784679089,-0.27639751552795033,-0.14389233954451347,0.0,-0.12577639751552794
2024-05-09,0.5652312060596606,0.33786434468086196,0.39629879523284184,0.3733136123254862,242,298,0.817287784679089,-0.19202898550724637,0.7432712215320911,-0.27639751552795033,-0.14389233954451347,0.0,-0.12577639751552794
2024-11-11,0.4600830985664215,0.666939904546291,0.6753142928753257,0.6796620651217602,202,224,0.817287784679089,-0.19202898550724637,1.7432712215320911,-0.27639751552795033,-0.14389233954451347,0.0,-0.12577639751552794
2023-09-07,-0.3263622851803475,-0.3863031457700919,0.5657321048219941,0.1912018457153521,4,4,-0.18271221532091098,-0.19202898550724637,-0.2567287784679089,-0.27639751552795033,-0.14389233954451347,0.0,-0.12577639751552794
2023-08-04,0.27173455259770557,0.16218203497051542,-0.089505771723492,-0.4460862486697826,234,354,-0.18271221532091098,0.8079710144927537,-0.2567287784679089,0.7236024844720497,-0.14389233954451347,0.0,-0.12577639751552794
2024-03-27,-0.028779251148981586,0.24633674452322085,0.4347496685772615,-0.11326903817541942,229,354,-0.18271221532091098,-0.19202898550724637,-0.2567287784679089,-0.27639751552795033,-0.14389233954451347,0.0,1.874223602484472
2023-10-18,0.47404210408095826,0.44866335453695927,-0.24424388167658034,-0.2555520347565438,161,208,0.817287784679089,-0.19202898550724637,-0.2567287784679089,-0.27639751552795033,-0.14389233954451347,0.0,-0.12577639751552794
2024-01-11,0.0871915167762539,0.12378923647831684,-0.6691242494734818,-0.553583456931001,237,276,-0.18271221532091098,0.8079710144927537,-0.2567287784679089,1.7236024844720497,-0.14389233954451347,0.0,-0.12577639751552794
2023-07-20,0.2297462055326829,-0.04192924514289812,-0.32310446001778964,0.1753471275690144,13,22,-0.18271221532091098,-0.19202898550724637,-0.2567287784679089,-0.27639751552795033,-0.14389233954451347,0.0,-0.12577639751552794
2023-04-26,0.42539101195005363,0.5165056469419903,0.6393857663187785,0.17757682064416241,7,16,-0.18271221532091098,-0.19202898550724637,-0.2567287784679089,-0.27639751552795033,-0.14389233954451347,0.0,-0.12577639751552794
2024-05-01,-0.8039679805617996,-0.7084651055712964,0.4429409373717515,0.04475518007818607,144,228,-0.18271221532091098,0.8079710144927537,-0.2567287784679089,-0.27639751552795033,-0.14389233954451347,0.0,-0.12577639751552794
2024-11-18,-0.48848944339130895,0.05132343699744513,0.6467897659954298,0.8466005327944169,8,10,-0.18271221532091098,-0.19202898550724637,-0.2567287784679089,-0.27639751552795033,-0.14389233954451347,0.0,-0.12577639751552794
2024-10-22,0.5072961774362662,0.4602911835790876,-0.037654723636438174,-0.33932473381211226,14,22,-0.18271221532091098,-0.19202898550724637,-0.2567287784679089,0.7236024844720497,-0.14389233954451347,0.0,-0.12577639751552794
2023-04-06,-0.4296609308205336,0.03771506917141554,-0.2780382035590354,-0.20905208914211754,4,4,-0.18271221532091098,-0.19202898550724637,-0.2567287784679089,-0.27639751552795033,-0.14389233954451347,0.0,-0.12577639751552794
2024-11-12,0.45802885746202215,0.7188014323288842,0.6400619418908552,0.7050237751708484,32,40,-0.18271221532091098,-0.19202898550724637,1.7432712215320911,-0.27639751552795033,-0.14389233954451347,0.0,-0.12577639751552794
2024-12-26,-0.3631714584976242,0.07049789296313007,-0.8036010435245217,0.4226478377061053,242,420,0.817287784679089,-0.19202898550724637,-0.2567287784679089,-0.27639751552795033,-0.14389233954451347,0.0,-0.12577639751552794
2024-07-29,-0.1031452013930826,-0.9189474762060629,-0.41085100837003863,-0.034233487210437334,179,252,-0.18271221532091098,-0.19202898550724637,-0.2567287784679089,1.7236024844720497,-0.14389233954451347,0.0,-0.12577639751552794
2023-08-11,0.7594617601689648,1.0146335117817329,0.723263281149328,0.2593912361607206,4,4,-0.18271221532091098,-0.19202898550724637,-0.2567287784679089,-0.27639751552795033,-0.14389233954451347,0.0,-0.12577639751552794
2023-07-13,-0.47797885198189494,-0.5530443527089791,-0.03371485817982533,0.3182186509766729,281,302,0.817287784679089,-0.19202898550724637,-0.2567287784679089,0.7236024844720497,-0.14389233954451347,0.0,0.8742236024844721
2023-05-05,-0.18085913402386453,0.4442788849411573,-0.07744948242660002,-0.04818064245351838,6,14,-0.18271221532091098,-0.19202898550724637,-0.2567287784679089,-0.27639751552795033,-0.14389233954451347,0.0,-0.12577639751552794
2024-02-15,0.21237103535036483,0.9167307584437094,0.655103279060659,0.2881900455079063,296,336,0.817287784679089,-0.19202898550724637,1.7432712215320911,-0.27639751552795033,-0.14389233954451347,0.0,-0.12577639751552794
2023-06-06,-0.21096033663947514,0.6449366603210355,0.041983579991225,0.22401501371656174,108,124,-0.18271221532091098,0.8079710144927537,-0.2567287784679089,-0.27639751552795033,-0.14389233954451347,0.0,-0.12577639751552794
2024-09-11,0.44484838800906845,0.06025307843909519,0.2809061837965336,0.311483167852718,18,34,-0.18271221532091098,-0.19202898550724637,-0.2567287784679089,-0.27639751552795033,-0.14389233954451347,0.0,-0.12577639751552794
2023-10-10,0.24629947140010677,-0.2905312782407862,0.5574450647939887,-0.09231132154306933,2,10,-0.18271221532091098,-0.19202898550724637,-0.2567287784679089,-0.27639751552795033,-0.14389233954451347,0.0,-0.12577639751552794
2023-08-03,-0.007310587674851087,-0.13229298118197577,-0.5722892227351978,-0.5958442249589351,657,730,-0.18271221532091098,0.8079710144927537,-0.2567287784679089,1.7236024844720497,2.8561076604554865,0.0,-0.12577639751552794
2025-01-14,0.0656356922200691,0.35148702587539565,-0.40362851957487544,-0.44418902942244853,32,48,-0.18271221532091098,-0.19202898550724637,-0.2567287784679089,1.7236024844720497,-0.14389233954451347,0.0,-0.12577639751552794
2023-04-28,0.5070577089268332,0.7043666604000567,0.456005076701831,0.17337734531873372,232,370,-0.18271221532091098,-0.19202898550724637,1.7432712215320911,-0.27639751552795033,-0.14389233954451347,0.0,-0.12577639751552794
2024-09-04,-0.35604050540631976,-0.5647856534137095,0.2422583770741324,0.2680525193156171,15,26,-0.18271221532091098,-0.19202898550724637,0.7432712215320911,-0.27639751552795033,-0.14389233954451347,0.0,-0.12577639751552794
2024-05-15,0.6883128262476016,0.8430847011209925,-0.7790338461277577,-0.3449378712365031,233,406,0.817287784679089,-0.19202898550724637,-0.2567287784679089,-0.27639751552795033,-0.14389233954451347,0.0,-0.12577639751552794
2023-06-01,-0.276796065749003,0.6993669518617486,-0.08847198477392616,0.19656694341060565,12,14,-0.18271221532091098,-0.19202898550724637,-0.2567287784679089,0.7236024844720497,-0.14389233954451347,0.0,-0.12577639751552794
2025-01-27,-0.11632808907590036,0.06968025643982068,0.54488110923508,0.18504933535013676,168,230,-0.18271221532091098,-0.19202898550724637,-0.2567287784679089,-0.27639751552795033,-0.14389233954451347,0.0,1.874223602484472
2024-06-13,0.006029411254029723,-0.1964608668831271,0.5252380763450498,0.10861114913502008,325,366,-0.18271221532091098,-0.19202898550724637,1.7432712215320911,-0.27639751552795033,-0.14389233954451347,0.0,1.874223602484472
2023-04-12,-0.19616395327730396,0.1354782661633006,0.06022487562726761,-0.09592744126375767,116,172,-0.18271221532091098,0.8079710144927537,-0.2567287784679089,-0.27639751552795033,-0.14389233954451347,0.0,-0.12577639751552794
2023-05-09,-0.3907827649312212,0.15149914632176345,0.10912733139059899,0.030921759202367165,120,108,-0.18271221532091098,0.8079710144927537,-0.2567287784679089,-0.27639751552795033,-0.14389233954451347,0.0,-0.12577639751552794
2024-08-07,0.3486355517706826,-0.07800465518831888,-0.4410771675400732,-0.4289284758637814,168,192,-0.18271221532091098,-0.19202898550724637,-0.2567287784679089,1.7236024844720497,-0.14389233954451347,0.0,-0.12577639751552794
2023-12-27,0.32406170408684837,-0.016170245542145835,-0.13558160426809168,0.2430926798746712,73,102,-0.18271221532091098,-0.19202898550724637,-0.2567287784679089,-0.27639751552795033,0.8561076604554865,0.0,-0.12577639751552794
2023-08-22,-0.4228880272277385,0.6723153511461126,-0.5160899302249045,-0.19895511331452237,195,298,0.817287784679089,-0.19202898550724637,-0.2567287784679089,-0.27639751552795033,-0.14389233954451347,0.0,-0.12577639751552794
2024-06-20,0.4151709369551357,0.40795288335333263,-0.07109073850644596,-0.14708566459639594,4,10,-0.18271221532091098,-0.19202898550724637,-0.2567287784679089,-0.27639751552795033,-0.14389233954451347,0.0,-0.12577639751552794
2023-09-22,-0.16276861729316158,0.1933029635694865,-0.03261107663446008,0.3424392576281694,144,222,0.817287784679089,-0.19202898550724637,-0.2567287784679089,-0.27639751552795033,-0.14389233954451347,0.0,-0.12577639751552794
2024-06-18,0.3592058757459314,0.2944704604862715,-0.06615157457190468,-0.13922631826282578,174,282,0.817287784679089,-0.19202898550724637,-0.2567287784679089,-0.27639751552795033,-0.14389233954451347,0.0,-0.12577639751552794
2024-09-20,0.28783227972600894,0.5097700519391956,0.0485361838761907,0.5002216818494446,18,30,-0.18271221532091098,-0.19202898550724637,0.7432712215320911,-0.27639751552795033,-0.14389233954451347,0.0,-0.12577639751552794
2023-06-08,-0.27458723958872056,0.5574605003930495,0.25473706236789223,0.32318058034025365,9,18,-0.18271221532091098,-0.19202898550724637,-0.2567287784679089,-0.27639751552795033,-0.14389233954451347,0.0,-0.12577639751552794
2024-01-29,0.06032775398255758,0.7376975640664825,-0.4226071045828496,-0.627833530930525,203,266,-0.18271221532091098,-0.19202898550724637,-0.2567287784679089,-0.27639751552795033,1.8561076604554865,0.0,-0.12577639751552794
2025-01-13,0.014455636744910898,0.3113590293081658,-0.5207404958390937,-0.4622645076021746,29,48,-0.18271221532091098,-0.19202898550724637,-0.2567287784679089,1.7236024844720497,-0.14389233954451347,0.0,-0.12577639751552794
2024-06-27,-0.31608392553431325,-0.3101221682089077,0.22447894292569376,0.012114129532640463,11,20,-0.18271221532091098,-0.19202898550724637,-0.2567287784679089,-0.27639751552795033,-0.14389233954451347,0.0,-0.12577639751552794
2024-07-12,-0.3636108971877609,0.20870648335164546,0.18828486964319743,0.4052136116822955,17,22,-0.18271221532091098,-0.19202898550724637,0.7432712215320911,-0.27639751552795033,-0.14389233954451347,0.0,-0.12577639751552794
2025-01-17,-0.06727948805841297,0.28490770882811245,0.303623102306013,-0.21735981547735397,204,330,-0.18271221532091098,0.8079710144927537,-0.2567287784679089,-0.27639751552795033,-0.14389233954451347,0.0,-0.12577639751552794
2024-08-05,0.7667259456238504,0.2616365447349524,-0.7182897628476087,-0.46893005142032895,114,168,0.817287784679089,-0.19202898550724637,-0.2567287784679089,-0.27639751552795033,-0.14389233954451347,0.0,-0.12577639751552794
2024-03-06,0.30532916114088576,0.3854313038649156,-0.14618962781734068,0.05639810529619004,77,58,0.817287784679089,-0.19202898550724637,-0.2567287784679089,-0.27639751552795033,-0.14389233954451347,0.0,-0.12577639751552794
2023-11-01,0.36747841306181245,0.7549223442438242,-0.1393389359163017,-0.5320949380125607,15,18,-0.18271221532091098,-0.19202898550724637,-0.2567287784679089,0.7236024844720497,-0.14389233954451347,0.0,-0.12577639751552794
2024-01-17,0.37687674382830566,0.4792911838829375,-0.48715792771793165,-0.592815221163501,35,42,-0.18271221532091098,-0.19202898550724637,-0.2567287784679089,1.7236024844720497,-0.14389233954451347,0.0,-0.12577639751552794
2023-09-15,0.48459024093321423,0.5202102353164797,0.4599061676321261,0.4418881953960028,16,16,-0.18271221532091098,-0.19202898550724637,1.7432712215320911,-0.27639751552795033,-0.14389233954451347,0.0,-0.12577639751552794
2023-09-12,0.16855610008480815,-0.0054388739848923616,0.6517085139338509,0.39636166575901155,8,14,-0.18271221532091098,-0.19202898550724637,-0.2567287784679089,-0.27639751552795033,-0.14389233954451347,0.0,-0.12577639751552794
2023-09-29,-0.6274802231155718,-0.682405540917791,-1.1042578708186417,-0.6817521011484962,185,310,0.817287784679089,-0.19202898550724637,-0.2567287784679089,-0.27639751552795033,-0.14389233954451347,0.0,-0.12577639751552794
2023-07-05,0.47673692510843085,0.3315087305577957,-0.3507059164985753,0.2603536312640109,176,206,-0.18271221532091098,0.8079710144927537,-0.2567287784679089,0.7236024844720497,-0.14389233954451347,0.0,-0.12577639751552794
2023-04-18,-0.09665325498293072,0.1255389327673046,-0.4292979335908472,-0.3498721956699741,158,258,0.817287784679089,-0.19202898550724637,-0.2567287784679089,-0.27639751552795033,-0.14389233954451347,0.0,-0.12577639751552794
2024-09-16,0.5609769324384838,0.5263268417739024,0.7005682534335639,0.6197814420799831,9,18,-0.18271221532091098,-0.19202898550724637,-0.2567287784679089,-0.27639751552795033,-0.14389233954451347,0.0,-0.12577639751552794
2024-06-14,0.2975395460789046,0.11643573600111717,0.26771251745841695,-0.008479147416036214,177,212,0.817287784679089,-0.19202898550724637,0.7432712215320911,-0.27639751552795033,-0.14389233954451347,0.0,-0.12577639751552794
2025-01-07,0.07953423202896466,0.33667600763607497,-0.9585252242004586,-0.5427342051739651,34,38,-0.18271221532091098,-0.19202898550724637,-0.2567287784679089,3.7236024844720497,-0.14389233954451347,0.0,-0.12577639751552794
2024-01-16,0.27598236557372224,0.34831208848093065,-0.5389492094574684,-0.5811084133854888,29,36,-0.18271221532091098,-0.19202898550724637,-0.2567287784679089,1.7236024844720497,-0.14389233954451347,0.0,-0.12577639751552794
2024-12-16,0.5574194490286686,0.8194636178416461,0.6396574518571381,0.8255353962294529,4,12,-0.18271221532091098,-0.19202898550724637,-0.2567287784679089,-0.27639751552795033,-0.14389233954451347,0.0,-0.12577639751552794
2023-06-28,0.392603163276967,-0.07335240032748572,-0.5335854304382057,0.3363885208278923,3,8,-0.18271221532091098,-0.19202898550724637,-0.2567287784679089,-0.27639751552795033,-0.14389233954451347,0.0,-0.12577639751552794
2024-12-03,-0.2086237475123155,-0.7046857008156562,-0.5164819836249668,0.25318208529719105,15,18,-0.18271221532091098,-0.19202898550724637,-0.2567287784679089,1.7236024844720497,-0.14389233954451347,0.0,-0.12577639751552794
2024-09-30,-0.5149646712338959,-0.27366683486814714,-0.03756515640317826,0.44869942442793986,14,16,-0.18271221532091098,-0.19202898550724637,-0.2567287784679089,0.7236024844720497,-0.14389233954451347,0.0,-0.12577639751552794
2024-08-29,-0.257187329741992,-0.3725208163966439,0.6758979414148572,0.37999946204768525,245,286,0.817287784679089,-0.19202898550724637,1.7432712215320911,-0.27639751552795033,-0.14389233954451347,0.0,-0.12577639751552794
2024-05-30,-0.2701083364039484,-0.385643750864319,-0.14815845837060926,-0.5521682363311955,17,30,-0.18271221532091098,-0.19202898550724637,-0.2567287784679089,0.7236024844720497,-0.14389233954451347,0.0,-0.12577639751552794
2024-11-14,0.3201502002034569,0.710348539493521,0.658339539831013,0.7813360652962081,16,30,-0.18271221532091098,-0.19202898550724637,-0.2567287784679089,-0.27639751552795033,-0.14389233954451347,0.0,-0.12577639751552794
2023-12-18,-0.08656237018839871,-0.48854730968961757,0.2341700194030425,0.3718461391195106,20,20,-0.18271221532091098,-0.19202898550724637,0.7432712215320911,-0.27639751552795033,-0.14389233954451347,0.0,-0.12577639751552794
2024-10-17,0.599190078540526,0.3044796807333015,-0.5580171653590633,-0.47545573770753546,224,252,-0.18271221532091098,0.8079710144927537,-0.2567287784679089,1.7236024844720497,-0.14389233954451347,0.0,-0.12577639751552794
2023-04-05,-0.5626120804265474,-0.041616582602439264,-0.27661276720490124,-0.18526156174502129,4,4,-0.18271221532091098,-0.19202898550724637,-0.2567287784679089,-0.27639751552795033,-0.14389233954451347,0.0,-0.12577639751552794
2024-07-17,-0.924147139428501,-0.8164715862095225,0.044137791556965886,0.40284153808611783,70,82,-0.18271221532091098,-0.19202898550724637,0.7432712215320911,-0.27639751552795033,-0.14389233954451347,0.0,0.8742236024844721
2023-09-25,-0.2635123553579309,0.054352104518522,-0.49844448001933894,0.1071298719389483,162,264,0.817287784679089,-0.19202898550724637,-0.2567287784679089,-0.27639751552795033,-0.14389233954451347,0.0,-0.12577639751552794
2023-10-06,0.021407833108016094,-0.47747483236659727,0.30906532824547445,-0.30282400054681025,333,504,-0.18271221532091098,0.8079710144927537,-0.2567287784679089,-0.27639751552795033,-0.14389233954451347,0.0,-0.12577639751552794
2023-09-27,-0.6052807336979528,-0.4804165334860403,-0.9370077039493757,-0.3801139301345842,194,328,0.817287784679089,-0.19202898550724637,-0.2567287784679089,-0.27639751552795033,-0.14389233954451347,0.0,-0.12577639751552794
2024-10-10,-0.44063170111499,-0.7875276972301914,-0.7959098150951992,-0.23280013384335874,3,4,-0.18271221532091098,-0.19202898550724637,-0.2567287784679089,-0.27639751552795033,-0.14389233954451347,0.0,-0.12577639751552794
2024-06-06,0.09302814589103989,-0.15062162418180872,0.45688885187157086,-0.25943860212263903,126,194,-0.18271221532091098,0.8079710144927537,-0.2567287784679089,-0.27639751552795033,-0.14389233954451347,0.0,-0.12577639751552794
2023-09-13,0.3854825294457233,0.2733523723243749,0.6425012316279841,0.4427055302372037,122,142,-0.18271221532091098,-0.19202898550724637,-0.2567287784679089,-0.27639751552795033,-0.14389233954451347,0.0,1.874223602484472
2023-12-05,0.11802178470129156,0.010738444456201066,-0.21992288689399941,0.03977998249750356,15,24,-0.18271221532091098,-0.19202898550724637,-0.2567287784679089,-0.27639751552795033,-0.14389233954451347,0.0,-0.12577639751552794
2023-08-21,-0.15856865640263193,0.8543724797864368,-0.30871089284608244,-0.038848718207262295,3,14,-0.18271221532091098,-0.19202898550724637,-0.2567287784679089,-0.27639751552795033,-0.14389233954451347,0.0,-0.12577639751552794
2023-05-01,0.48371644284082677,0.7442828340549161,0.2550323395957581,0.09722090120850498,201,246,0.817287784679089,-0.19202898550724637,0.7432712215320911,-0.27639751552795033,-0.14389233954451347,0.0,-0.12577639751552794
2024-11-06,0.13079808218118014,0.26758699338955344,0.9183938605697235,0.6418927289943441,6,10,-0.18271221532091098,-0.19202898550724637,-0.2567287784679089,-0.27639751552795033,-0.14389233954451347,0.0,-0.12577639751552794
2024-12-18,0.13641253479404888,0.6262235819122144,0.72011493697589,0.9290816986723168,84,126,-0.18271221532091098,-0.19202898550724637,-0.2567287784679089,-0.27639751552795033,-0.14389233954451347,0.0,0.8742236024844721
2024-07-31,0.5271525854229236,-0.5220828378067024,-0.5174641273277591,-0.19305144939054053,9,10,-0.18271221532091098,-0.19202898550724637,-0.2567287784679089,-0.27639751552795033,-0.14389233954451347,0.0,-0.12577639751552794
2024-01-10,-0.04660527929232815,0.0018745504206217252,-0.7095630230150967,-0.523726960790383,311,402,-0.18271221532091098,-0.19202898550724637,-0.2567287784679089,2.7236024844720497,-0.14389233954451347,0.0,-0.12577639751552794
2023-11-27,-0.5631207100899086,-0.39423137299495065,-0.08141190415312584,0.18546644211659685,117,194,-0.18271221532091098,-0.19202898550724637,-0.2567287784679089,0.7236024844720497,-0.14389233954451347,0.0,-0.12577639751552794
2024-03-05,0.20442107423450362,0.26120305859701043,0.09641443766428481,0.15936318775432154,5,6,-0.18271221532091098,-0.19202898550724637,-0.2567287784679089,-0.27639751552795033,-0.14389233954451347,0.0,-0.12577639751552794
2024-03-22,-0.21740904059919425,0.09404329445170101,0.3491016872750756,-0.2646901706838471,3,12,-0.18271221532091098,-0.19202898550724637,-0.2567287784679089,-0.27639751552795033,-0.14389233954451347,0.0,-0.12577639751552794
2023-04-27,0.4991343208933011,0.6370266265687174,0.5929313828689495,0.20708473827237878,204,276,-0.18271221532091098,-0.19202898550724637,-0.2567287784679089,-0.27639751552795033,-0.14389233954451347,0.0,1.874223602484472
2024-04-18,0.17227932254164052,0.8736154830086835,0.17917858495748118,-0.16096443952825612,4,8,-0.18271221532091098,-0.19202898550724637,-0.2567287784679089,-0.27639751552795033,-0.14389233954451347,0.0,-0.12577639751552794
2023-11-06,0.32827777118273627,0.8356910361232949,0.7755228668236208,0.011453955086074613,170,284,-0.18271221532091098,0.8079710144927537,-0.2567287784679089,-0.27639751552795033,-0.14389233954451347,0.0,-0.12577639751552794
2024-02-05,0.3718563582109635,0.9114290564540747,0.06347453770307468,-0.5589762676029958,154,182,-0.18271221532091098,0.8079710144927537,-0.2567287784679089,-0.27639751552795033,-0.14389233954451347,0.0,-0.12577639751552794
2023-12-01,0.02028939580633869,-0.10992888710074351,-0.21388614984967969,0.08932576595296578,65,54,-0.18271221532091098,-0.19202898550724637,-0.2567287784679089,-0.27639751552795033,0.8561076604554865,0.0,-0.12577639751552794
2023-08-01,-0.03585580363097604,-0.13206692588883429,-0.8308908464738878,-0.6052298645341398,5,6,-0.18271221532091098,-0.19202898550724637,-0.2567287784679089,-0.27639751552795033,-0.14389233954451347,0.0,-0.12577639751552794
2024-05-21,-0.49630554088947,-0.05995869803145615,-0.7044147847369997,-0.5832263922048573,367,548,-0.18271221532091098,-0.19202898550724637,-0.2567287784679089,2.7236024844720497,-0.14389233954451347,0.0,-0.12577639751552794
2024-02-16,-0.16256804726145577,0.7539013509204288,0.40238527331873086,0.18968173973458072,294,364,0.817287784679089,-0.19202898550724637,0.7432712215320911,-0.27639751552795033,-0.14389233954451347,0.0,-0.12577639751552794
2023-05-23,0.5786655407112897,1.0521243802439588,0.16271506163424518,0.3166891225996165,21,34,-0.18271221532091098,-0.19202898550724637,0.7432712215320911,-0.27639751552795033,-0.14389233954451347,0.0,-0.12577639751552794
2023-07-14,-0.29300267435681965,-0.4568086391910341,0.11082318716168174,0.36679274785318206,55,32,-0.18271221532091098,0.8079710144927537,-0.2567287784679089,-0.27639751552795033,-0.14389233954451347,0.0,-0.12577639751552794
2024-03-18,0.1118987569655223,0.4054113123202827,-0.7455871738234038,-0.6075392894258191,258,300,-0.18271221532091098,-0.19202898550724637,-0.2567287784679089,-0.27639751552795033,2.8561076604554865,0.0,-0.12577639751552794
2023-08-02,-0.11553016674857691,-0.21014397497488152,-0.8597773715427399,-0.6804039277171114,7,8,-0.18271221532091098,-0.19202898550724637,-0.2567287784679089,-0.27639751552795033,-0.14389233954451347,0.0,-0.12577639751552794
2023-09-21,-0.026205005185773407,0.31411948527689976,0.08180240884919526,0.377103906376042,15,18,-0.18271221532091098,-0.19202898550724637,0.7432712215320911,-0.27639751552795033,-0.14389233954451347,0.0,-0.12577639751552794
2023-12-14,-0.4050726145985312,-0.6275909104976584,0.2853107790727802,0.3577015787253889,10,10,-0.18271221532091098,-0.19202898550724637,-0.2567287784679089,-0.27639751552795033,-0.14389233954451347,0.0,-0.12577639751552794
2024-07-09,0.5120003083984813,0.7578230243723716,0.43007859857975494,0.41671413508904376,18,24,-0.18271221532091098,-0.19202898550724637,1.7432712215320911,-0.27639751552795033,-0.14389233954451347,0.0,-0.12577639751552794
2023-10-02,-0.5887530729232016,-0.7253896075462838,-0.935419267490259,-0.657597822274775,1933,2524,-0.18271221532091098,0.8079710144927537,-0.2567287784679089,3.7236024844720497,4.8561076604554865,0.0,-0.12577639751552794
2023-05-26,0.14333262488636483,0.9231178970508814,-0.19681735441626783,0.171721240431798,7,18,-0.18271221532091098,-0.19202898550724637,-0.2567287784679089,-0.27639751552795033,-0.14389233954451347,0.0,-0.12577639751552794
2024-05-14,0.8118625036085589,0.8579373349802774,-0.6712142249018068,-0.20181302228966502,2,6,-0.18271221532091098,-0.19202898550724637,-0.2567287784679089,-0.27639751552795033,-0.14389233954451347,0.0,-0.12577639751552794
2023-12-19,-0.06450355983155587,-0.48419045090604423,0.24487244339008507,0.3913944475584812,8,8,-0.18271221532091098,-0.19202898550724637,-0.2567287784679089,-0.27639751552795033,-0.14389233954451347,0.0,-0.12577639751552794
2024-11-01,0.13197397713091205,0.20717131840863556,0.5886226234773986,0.28553136343056795,360,436,-0.18271221532091098,-0.19202898550724637,1.7432712215320911,-0.27639751552795033,-0.14389233954451347,0.0,1.874223602484472
2024-10-28,-0.15393526399161334,0.05548703143081149,0.6107609209631204,0.05688380099929175,2,2,-0.18271221532091098,-0.19202898550724637,-0.2567287784679089,-0.27639751552795033,-0.14389233954451347,0.0,-0.12577639751552794
2024-12-10,0.8700501770779948,0.6875713185378595,0.5136977081132508,0.6383302131087313,2,10,-0.18271221532091098,-0.19202898550724637,-0.2567287784679089,-0.27639751552795033,-0.14389233954451347,0.0,-0.12577639751552794
2024-02-22,-0.7329236888741311,-0.08590489895395019,0.18920974081879693,0.16900647218641446,17,26,-0.18271221532091098,-0.19202898550724637,0.7432712215320911,-0.27639751552795033,-0.14389233954451347,0.0,-0.12577639751552794
